<application>
  <component name="Translation.Cache">
    <option name="lastTrimTime" value="1676445233923" />
  </component>
  <component name="Translation.Settings">
    <option name="primaryLanguage" value="CHINESE" />
    <option name="translator" value="MICROSOFT" />
  </component>
  <component name="Translation.States">
    <histories>
      <item value="length" />
      <item value="Sort" />
      <item value="bubble" />
    </histories>
    <option name="languageScores">
      <map>
        <entry key="CHINESE" value="2" />
        <entry key="ENGLISH" value="3" />
      </map>
    </option>
  </component>
</application>